{"cameraMode":{"drawMode":0,"name":"Shaded","section":"Shading Mode"},"sceneLighting":true,"audioPlay":false,"sceneViewState":{"m_AlwaysRefresh":false,"showFog":true,"showSkybox":true,"showFlares":true,"showImageEffects":true,"showParticleSystems":true,"showVisualEffectGraphs":true,"m_FxEnabled":true},"in2DMode":false,"pivot":{"x":63.57576370239258,"y":31.982126235961915,"z":28.459911346435548},"rotation":{"x":0.6136035323143005,"y":0.030776921659708024,"z":-0.0239414032548666,"w":0.7886632680892944},"size":11.531266212463379,"orthographic":false}