{"cameraMode":{"drawMode":0,"name":"Shaded","section":"Shading Mode"},"sceneLighting":true,"audioPlay":false,"sceneViewState":{"m_AlwaysRefresh":false,"showFog":true,"showSkybox":true,"showFlares":true,"showImageEffects":true,"showParticleSystems":true,"showVisualEffectGraphs":true,"m_FxEnabled":true},"in2DMode":false,"pivot":{"x":20.665897369384767,"y":30.92501449584961,"z":20.713207244873048},"rotation":{"x":0.21159614622592927,"y":-0.5867831110954285,"z":0.16239705681800843,"w":0.7645531296730042},"size":0.3056177496910095,"orthographic":false}