{"cameraMode":{"drawMode":0,"name":"Shaded","section":"Shading Mode"},"sceneLighting":true,"audioPlay":false,"sceneViewState":{"m_AlwaysRefresh":false,"showFog":true,"showSkybox":true,"showFlares":true,"showImageEffects":true,"showParticleSystems":true,"showVisualEffectGraphs":true,"m_FxEnabled":true},"in2DMode":false,"pivot":{"x":20.759376525878908,"y":30.614253997802736,"z":22.563302993774415},"rotation":{"x":0.07157853245735169,"y":-0.9271208643913269,"z":0.284356027841568,"w":0.23337626457214356},"size":2.648146867752075,"orthographic":false}