{"cameraMode":{"drawMode":0,"name":"Shaded","section":"Shading Mode"},"sceneLighting":true,"audioPlay":false,"sceneViewState":{"m_AlwaysRefresh":false,"showFog":true,"showSkybox":true,"showFlares":true,"showImageEffects":true,"showParticleSystems":true,"showVisualEffectGraphs":true,"m_FxEnabled":true},"in2DMode":false,"pivot":{"x":17.386119842529298,"y":3.963454246520996,"z":-24.97020721435547},"rotation":{"x":0.021533288061618806,"y":-0.977756679058075,"z":0.16522075235843659,"w":0.12742796540260316},"size":0.8956362009048462,"orthographic":false}