{"cameraMode":{"drawMode":0,"name":"Shaded","section":"Shading Mode"},"sceneLighting":true,"audioPlay":false,"sceneViewState":{"m_AlwaysRefresh":false,"showFog":true,"showSkybox":true,"showFlares":true,"showImageEffects":true,"showParticleSystems":true,"showVisualEffectGraphs":true,"m_FxEnabled":true},"in2DMode":false,"pivot":{"x":68.44000244140625,"y":31.399999618530275,"z":23.660001754760743},"rotation":{"x":0.31069889664649966,"y":-0.05613362044095993,"z":0.0183842983096838,"w":0.9486714601516724},"size":1.377779483795166,"orthographic":false}